dataset,corruption,mIoU_mean,mIoU_std,mDice_mean,mDice_std,mAcc_mean,mAcc_std
COCOObjectDataset,original,29.13,0.02,42.42,0.03,70.55,0.06
COCOObjectDataset,gaussian_noise,23.58,0.05,35.76,0.07,55.23,0.09
COCOObjectDataset,shot_noise,24.78,0.04,37.16,0.04,57.91,0.08
COCOObjectDataset,impulse_noise,23.86,0.02,36.18,0.03,56.54,0.08
COCOObjectDataset,defocus_blur,26.16,0.03,39.1,0.03,64.21,0.05
COCOObjectDataset,glass_blur,26.15,0.03,39.08,0.04,63.34,0.1
COCOObjectDataset,motion_blur,27.15,0.04,40.2,0.04,65.98,0.02
COCOObjectDataset,zoom_blur,19.59,0.01,30.89,0.01,49.14,0.0
COCOObjectDataset,snow,25.5,0.06,38.34,0.07,62.68,0.06
COCOObjectDataset,frost,25.14,0.05,37.89,0.07,56.62,0.05
COCOObjectDataset,fog,27.53,0.02,40.74,0.03,65.88,0.03
COCOObjectDataset,brightness,28.07,0.02,41.23,0.03,68.44,0.05
COCOObjectDataset,contrast,26.44,0.04,39.33,0.06,64.14,0.06
COCOObjectDataset,elastic_transform,26.23,0.03,38.96,0.05,59.94,0.04
COCOObjectDataset,pixelate,28.48,0.02,41.8,0.03,69.89,0.05
COCOObjectDataset,jpeg_compression,28.11,0.01,41.36,0.0,66.98,0.04
COCOStuffDataset,original,21.24,0.0,31.96,0.0,43.56,0.01
COCOStuffDataset,gaussian_noise,15.62,0.01,24.45,0.01,31.84,0.02
COCOStuffDataset,shot_noise,16.21,0.01,25.21,0.02,32.97,0.02
COCOStuffDataset,impulse_noise,15.92,0.02,24.93,0.02,32.49,0.0
COCOStuffDataset,defocus_blur,18.59,0.01,28.58,0.02,38.59,0.03
COCOStuffDataset,glass_blur,18.51,0.01,28.43,0.03,38.15,0.03
COCOStuffDataset,motion_blur,19.43,0.01,29.62,0.01,39.98,0.02
COCOStuffDataset,zoom_blur,13.18,0.05,21.35,0.07,28.75,0.07
COCOStuffDataset,snow,16.89,0.01,26.24,0.02,35.1,0.07
COCOStuffDataset,frost,15.88,0.01,24.89,0.01,32.27,0.03
COCOStuffDataset,fog,19.04,0.01,29.18,0.01,37.85,0.01
COCOStuffDataset,brightness,20.3,0.01,30.77,0.01,41.52,0.0
COCOStuffDataset,contrast,17.73,0.03,27.32,0.04,35.75,0.02
COCOStuffDataset,elastic_transform,18.11,0.01,27.95,0.02,35.97,0.02
COCOStuffDataset,pixelate,20.51,0.02,31.04,0.02,42.36,0.03
COCOStuffDataset,jpeg_compression,19.46,0.0,29.65,0.0,39.66,0.01
CityscapesDataset,original,33.36,0.02,46.3,0.04,53.16,0.01
CityscapesDataset,gaussian_noise,15.31,0.05,23.64,0.09,25.23,0.1
CityscapesDataset,shot_noise,20.67,0.07,30.53,0.08,32.75,0.08
CityscapesDataset,impulse_noise,15.78,0.06,24.41,0.09,26.02,0.06
CityscapesDataset,defocus_blur,24.86,0.03,36.76,0.04,39.91,0.03
CityscapesDataset,glass_blur,25.64,0.06,37.42,0.06,42.06,0.1
CityscapesDataset,motion_blur,26.07,0.05,37.86,0.07,42.88,0.09
CityscapesDataset,zoom_blur,13.95,0.03,21.64,0.04,24.18,0.05
CityscapesDataset,snow,22.24,0.02,33.13,0.03,35.83,0.04
CityscapesDataset,frost,17.12,0.02,26.61,0.03,28.7,0.04
CityscapesDataset,fog,23.98,0.06,35.27,0.07,41.87,0.1
CityscapesDataset,brightness,31.92,0.03,44.56,0.03,52.64,0.03
CityscapesDataset,contrast,17.02,0.08,26.26,0.09,31.68,0.16
CityscapesDataset,elastic_transform,32.9,0.02,45.91,0.03,52.8,0.09
CityscapesDataset,pixelate,32.8,0.03,45.79,0.03,51.25,0.03
CityscapesDataset,jpeg_compression,25.37,0.04,36.77,0.07,42.52,0.03
PascalContext59Dataset,original,31.95,0.02,44.86,0.04,55.48,0.04
PascalContext59Dataset,gaussian_noise,24.88,0.04,36.43,0.06,42.72,0.08
PascalContext59Dataset,shot_noise,25.64,0.01,37.33,0.02,44.1,0.01
PascalContext59Dataset,impulse_noise,24.74,0.01,36.4,0.01,42.73,0.02
PascalContext59Dataset,defocus_blur,27.92,0.03,40.23,0.03,49.7,0.04
PascalContext59Dataset,glass_blur,27.67,0.02,39.77,0.03,48.31,0.04
PascalContext59Dataset,motion_blur,29.11,0.02,41.55,0.02,50.97,0.04
PascalContext59Dataset,zoom_blur,21.98,0.02,32.97,0.04,41.15,0.03
PascalContext59Dataset,snow,25.47,0.03,37.12,0.03,44.7,0.03
PascalContext59Dataset,frost,24.59,0.02,35.92,0.03,42.82,0.01
PascalContext59Dataset,fog,27.84,0.01,40.16,0.02,48.82,0.02
PascalContext59Dataset,brightness,30.64,0.03,43.29,0.03,53.36,0.04
PascalContext59Dataset,contrast,26.94,0.01,39.06,0.02,48.34,0.04
PascalContext59Dataset,elastic_transform,27.17,0.02,39.13,0.03,46.85,0.04
PascalContext59Dataset,pixelate,31.24,0.02,44.06,0.02,54.19,0.03
PascalContext59Dataset,jpeg_compression,29.62,0.03,42.26,0.03,51.4,0.02
PascalContext60Dataset,original,27.98,0.02,40.32,0.02,54.56,0.03
PascalContext60Dataset,gaussian_noise,22.24,0.03,33.34,0.04,41.84,0.07
PascalContext60Dataset,shot_noise,22.81,0.01,34.01,0.03,43.17,0.02
PascalContext60Dataset,impulse_noise,22.24,0.01,33.45,0.02,41.78,0.01
PascalContext60Dataset,defocus_blur,24.92,0.01,36.68,0.0,48.88,0.01
PascalContext60Dataset,glass_blur,24.74,0.03,36.37,0.04,47.48,0.06
PascalContext60Dataset,motion_blur,25.73,0.01,37.58,0.02,50.08,0.05
PascalContext60Dataset,zoom_blur,19.69,0.02,30.13,0.04,40.45,0.03
PascalContext60Dataset,snow,22.66,0.02,33.74,0.04,44.0,0.03
PascalContext60Dataset,frost,22.06,0.02,32.91,0.02,42.14,0.03
PascalContext60Dataset,fog,24.89,0.01,36.72,0.02,48.16,0.03
PascalContext60Dataset,brightness,27.01,0.01,39.13,0.02,52.44,0.04
PascalContext60Dataset,contrast,24.17,0.03,35.85,0.04,47.61,0.03
PascalContext60Dataset,elastic_transform,24.26,0.03,35.7,0.03,46.06,0.06
PascalContext60Dataset,pixelate,27.48,0.01,39.74,0.01,53.27,0.02
PascalContext60Dataset,jpeg_compression,26.21,0.01,38.3,0.01,50.52,0.0
PascalVOC20Dataset,original,83.77,0.04,90.82,0.04,91.79,0.06
PascalVOC20Dataset,gaussian_noise,71.06,0.09,82.01,0.07,83.74,0.03
PascalVOC20Dataset,shot_noise,74.97,0.07,84.91,0.06,86.67,0.05
PascalVOC20Dataset,impulse_noise,71.15,0.13,82.08,0.11,83.62,0.13
PascalVOC20Dataset,defocus_blur,80.42,0.05,88.63,0.05,90.13,0.02
PascalVOC20Dataset,glass_blur,78.63,0.12,87.37,0.09,89.22,0.08
PascalVOC20Dataset,motion_blur,81.32,0.09,89.16,0.05,90.61,0.05
PascalVOC20Dataset,zoom_blur,69.47,0.19,80.97,0.12,82.16,0.11
PascalVOC20Dataset,snow,79.45,0.1,88.0,0.07,89.29,0.06
PascalVOC20Dataset,frost,73.36,0.02,83.54,0.01,85.34,0.02
PascalVOC20Dataset,fog,79.88,0.02,88.24,0.01,89.05,0.02
PascalVOC20Dataset,brightness,83.45,0.05,90.64,0.03,91.88,0.05
PascalVOC20Dataset,contrast,79.18,0.1,87.85,0.06,89.11,0.01
PascalVOC20Dataset,elastic_transform,73.94,0.01,83.92,0.01,84.76,0.05
PascalVOC20Dataset,pixelate,84.98,0.05,91.47,0.03,92.51,0.04
PascalVOC20Dataset,jpeg_compression,82.21,0.04,89.74,0.03,90.76,0.02
PascalVOC21Dataset,original,50.77,0.0,66.03,0.01,85.82,0.02
PascalVOC21Dataset,gaussian_noise,43.69,0.06,59.26,0.06,77.97,0.03
PascalVOC21Dataset,shot_noise,45.53,0.02,61.11,0.02,80.7,0.02
PascalVOC21Dataset,impulse_noise,43.93,0.04,59.45,0.03,78.22,0.0
PascalVOC21Dataset,defocus_blur,46.02,0.04,61.73,0.04,84.46,0.09
PascalVOC21Dataset,glass_blur,46.87,0.06,62.45,0.05,83.92,0.04
PascalVOC21Dataset,motion_blur,47.7,0.03,63.25,0.02,84.41,0.0
PascalVOC21Dataset,zoom_blur,39.05,0.05,54.94,0.05,75.21,0.08
PascalVOC21Dataset,snow,46.34,0.05,62.13,0.04,82.76,0.03
PascalVOC21Dataset,frost,46.75,0.05,62.42,0.05,76.15,0.06
PascalVOC21Dataset,fog,47.58,0.04,63.31,0.04,81.17,0.03
PascalVOC21Dataset,brightness,49.88,0.05,65.28,0.05,86.13,0.03
PascalVOC21Dataset,contrast,45.29,0.03,61.2,0.03,83.06,0.02
PascalVOC21Dataset,elastic_transform,46.95,0.03,62.12,0.02,76.94,0.08
PascalVOC21Dataset,pixelate,50.14,0.03,65.52,0.02,87.17,0.03
PascalVOC21Dataset,jpeg_compression,48.29,0.06,63.73,0.06,85.27,0.05
